,Comments,Article_ID
0,"Labure en un equipo de DS como monito programador, los DS todos tenian phd, es puro humo el resto.",163wrg7
1,![gif](giphy|xT5LMuQroxQi36Hwys|downsized),163wrg7
2,"Si, totalmente. En un laburo donde estuve una vez buscaban uno, y el perfil no bajaba de Principal, buscaban un doctorado en Matem√°ticas y de ah√≠ para arriba. 

Es un rol que necesita una s√≥lida base de ciencias duras, por ende el 99% de los bootcamps vende humo y del espeso",163wrg7
3,Puro humo. El jefe de la parte de datos de la empresa tiene un doctorado en estad√≠stica y es ingeniero en sistemas.,163wrg7
4,"Yo trabajo en el √°rea de data science, y hasta ahora (aprox un a√±o) no tuve que aplicar ning√∫n conocimiento de estad√≠stica o matem√°tica. Depende mucho la empresa y el enfoque que se le da al √°rea, en mi caso est√° m√°s enfocado a sistemas, pero te pod√©s encontrar con √°reas como an√°lisis de riesgo donde en general hay actuarios o economistas y se aplica mucho m√°s las matem√°ticas.

Obviamente lo ideal es saber los fundamentos que hay atr√°s de cada algoritmo. Pero si no te vas a dedicar a la investigaci√≥n, desarrollo y/o optimizaci√≥n de nuevos modelos de ml, y solo vas a aplicar machine learning/inteligencia artificial para dar soluciones a la industria, entonces con cursos y lo b√°sico de estad√≠stica, ya est√°s.",163wrg7
5,"En ning√∫n lugar que conozca toman un data scientist, o a veces ni analista, si no tiene una carrera que tenga estadistica o matematica. Y ah√≠ es solo el inicio, despues puede que te pidan incluso alguna especifica.",163wrg7
6,"Todos los data scientist que conozco (yo incluido) y que laburan bien tienen una carrera de grado con buena base (tipo actuario) y un posgrado (aunque sea inconcluso). Obvio que es mi experiencia anecd√≥tica, no digo que sea requisito sino hablo como una generalidad. 

Dentro de los equipos muchas veces se dan discusiones muy t√©cnicas para resolver los problemas que pueden aparecer. La mayor√≠a de las cosas se resuelven con las mismas herramientas y ah√≠ si es m√°s mindless pero en cuanto algo se complica un poco ah√≠ se ve quien sabe y quien no.",163wrg7
7,Justito me vi un video interesante sobre Universidades de USA (tambien se puede aplicar aca) en freeCodeCamp lo explican y hay casos que son vende humo osea hay que informarse bien antes de pisar una instituci√≥n.,163wrg7
8,"Analista de datos podr√≠a ser, necesitas aprender SQL, alg√∫n BI, algo de python, algo de sheets y ser bueno con el story telling.
Data Science es mucho m√°s complejo, hay muy poca posibilidades para un junior ya que implica un entendimiento de la estad√≠stica avanzado. Si una empresa te toma como DS, o son un monstruo que necesita crear perfiles por la baja oferta (Meli o Globant en su √©poca) o unos que est√°n re perdidos y no entienden nada.",163wrg7
9,"Yo acompa√±√© a un amigo muy cercano mientras hac√≠a uno (el de henry), porque soy ingeniero y .. nada, aguante la matem√°tica. 

La realidad es que es un curso de infraestructura. Les dan un pantallazo te√≥rico a la velocidad de la luz de estad√≠stica (y m√°s r√°pido a√∫n de an√°lisis). Y no mucho m√°s. Hasta parece bastante desubicado. 

Al mismo tiempo les dan un poco de murra con Python y sus librer√≠as cl√°sicas de datos, y la receta de como encarar cuatro casos discretos de business analyst. 

Al final del d√≠a es m√°s un curso de infraestructura, de como montar un servicio en la nube que analice una base de datos est√°tica y de resultados falopa que no sirven para nada. 

Supongo que si ten√©s la suerte de que te agarren como mega trainee, pod√©s ser √∫til en ese aspecto.",163wrg7
10,"S√≠, yo estoy haciendo un curso como b√°sico de ciencia de datos. Y s√≠, te pueden ense√±ar a usar las herramientas as√≠ muy por arriba y dem√°s. Pero s√© que ten√©s que tener muy buenas bases. No s√© si la universidad sea ultra necesaria. Uno puede aprender estad√≠sticas, matem√°ticas y dem√°s por su lado tambi√©n. Pero s√© que es algo para lo que necesit√°s m√≠nimo 3 a√±os firme de estudiar y estudiar",163wrg7
11,"Humo, cuando todos esos egresados se topen con pared de que no los agarran porque no tienen carrera afin esas escuelas de bootcamp se van a tener que reinventar para otro curso as√≠ como paso con los ""web bootcamps"". Te apuesto con una mano en la cintura que la pr√≥xima mina de oro ser√° la de impartir bootcamps de ciberseguridad.",163wrg7
12,Ah la mierda.,163wrg7
13,"Otra cosa que no entiendo ¬øPor que necesitar√≠as tantos analistas? ¬øHay que picar mucho c√≥digo? √ìsea, si estas planteando un bootcamp es porque prevees una demanda muy alta en la posici√≥n y por eso ""industrializas"" la formaci√≥n.

Porque en desarrollo web, la demanda viene por el lado de que efectivamente hay que picar mucho c√≥digo. Pero si estas analizando data ¬øRealmente es necesario mas de 1 programador/analista? Pregunto desde la ignorancia absoluta del tema.",163wrg7
14,Exactamente,163wrg7
15,"Mir√° la UTN tiene una carrera de tecnicatura en ciencia de datos e IA, me parece bastante interesante, y dura 2 a√±os y medio, y m√°s si de ah√≠ puedo agarrar algo para seguir carrera no investigu√© si sigue la rama de ah√≠ ya que no me gustar√≠a quedarme solo con tecnicatura.",163wrg7
16,"Hola, yo quiero estudiar para dedicarme a eso y encontr√© una licenciatura. Te puedo mandar dm?",163wrg7
17,">Uno puede aprender estad√≠sticas, matem√°ticas y dem√°s por su lado tambi√©n.

Uff... A ver como poder podes, pero como vas a saber que no te equivocaste en una definici√≥n super especifica (Ej: la definici√≥n de limite (muy b√°sico, si)) ? El lenguaje matem√°tico es muuuuuy formal y un simple error de signo te puede cambiar el resultado completamente.

Ojo, no digo que sea imposible estudiar matem√°ticas por tu cuenta (de hecho en la universidad lo haces porque los profesores se caen a pedazos) pero siempre vas a necesitar a alguien muy formado que te corrija esos errores min√∫sculos.",163wrg7
18,"Quiz√°s estoy errado, pero pas√© por la universidad de econom√≠a en su momento y creo que la universidad est√° muy atrasada hoy por hoy",163wrg7
19,Ya empezaron pero primero con cursos.,163wrg7
20,">¬øPor que necesitar√≠as tantos analistas? ¬øHay que picar mucho c√≥digo?

En grandes empresas (mi caso 30.000 empleados a nivel mundial y 1000+ en Argentina) muchas areas necesitan de reporter√≠a para la toma de decisiones a nivel mando medio y luego a nivel gerencial, y tenemos MUCHOS datos. La realidad que empleamos varios ""data analyst"" y no scientist.",163wrg7
21,"Claro, siempre vas a necesitar que alguien te vaya guiando. No s√© online qu√© tal lo que se puede aprender de matem√°ticas y estad√≠stica. Pero s√© que terminaba de aprender muchas cosas con profesores de Youtube. Por suerte la profe de matem√°ticas era muy piola y ense√±aba con pasi√≥n (cosa que tienen pocos profesores). Hoy por hoy no tengo tiempo de ir a la universidad y me educo en casa. Obvio que con cursos y dem√°s. Y s√≠, por ah√≠ se extra√±a la exigencia, pero bueh, es el tiempo que tengo y lo que puedo hacer para avanzar. 
Por ejemplo, con estad√≠sticas, ten√≠a una m√≠nima base, pero con el p√≥ker, que es a lo que me dedico hoy en d√≠a, he aprendido un mont√≥n de estad√≠stica. S√© que se puede aprender por cuenta propia, solo hay que rodearse de gente que quiera ense√±ar tambi√©n, siempre necesit√°s alguien que sepa m√°s que vos cerca. Ya m√°s adelante ir√°n a aparecer cursos de ciencia de datos que duren 3 a√±os y abarquen lo que tengan que abarcar y exijan lo que tengan que exigir. Ojal√°",163wrg7
22,"Bueno tu caso es diferente al que menciono porque tenes una base matem√°tica desde la universidad de econom√≠a. Cuestiones tan b√°sicas como diferenciar una funci√≥n de una ecuaci√≥n, un boga no te lo sabe decir.

EDIT:

Respecto a si est√°n atrasadas, la verdad que en cuestiones tan elementales como la matem√°tica no veo como podr√≠as atrasarte. Me refiero, son teor√≠as, leyes, propiedades, etc. que llevan cientos de a√±os demostradas y estudiadas hasta el cansancio. Siempre van a ser iguales. A lo mejor es atrasada en las formas, pero no en el contenido",163wrg7
23,"Claro, las formas de llevar el contenido, en eso ten√©s raz√≥n. No puedo creer que en muchas carreras no toques una compu ni software en todos los a√±os de cursado. O que te conecten ciertos contenidos dos a√±os despu√©s de que los viste. No s√©, creo que se podr√≠a mejorar demasiado y me encantar√≠a que evolucione lo que necesita pronto.",163wrg7
24,me parece que para el mercado esta mejor certificarse en (para tu caso) herramientas para trabajar datos en cloud o... cloud en general,1j608rv
25,"Te lo digo en base a mi experiencia, si haces un Magister las empresas te van a pelear y las ofertas te llegan solas, lo que si debes aprender a venderte, tener un buen LinkedIn donde te ""certifiquen"" tus amigos/compa√±eros, y dejes todas tus skills. 

- Cloud
- SQL
- Power Bi 
- Python
- Etc

Creo que las certificaciones van quedando atr√°s, a excepci√≥n de las de herramientas Cloud, tipo GCP o Azure, junto con la de Power Bi, pero nada pesa m√°s que un Magister para trabajar (un doctorado es para investigar).",1j608rv
26,"yo creo que son dos cosas distintas. Las certificaciones son para quienes ven fierros en Ti, devops, etc. Ciencia de datos es para datos, no conozco, al menos, una certificaci√≥n en datos. Personalmente, es atractivo estudiar eso, pero al final los modelos no calzan o tienen 1000 ""peros"" para que le achunte, pierden tracci√≥n y el cient√≠fico de datos queda como analista avanzado (ganando el mismo sueldo, eso si), ojo con eso que lo he visto.

Saludos.",1j608rv
27,"Las certificaciones de clase mundial son respetadas y validadas en cualquier parte.

Sin embargo, yo volver√© a la escuela por una maestr√≠a que me quite el √≥xido. 

For fun and profit.

Mientras tanto, elevo mi Qi en matem√°ticas.",1j608rv
28,"estudiar online es una paja, no lo recomiendo xd, no es lo mismo",1j608rv
29,"Anda por un diplomado en la misma PUC que articule con el mag√≠ster en ciencia de datos. Te haces una idea y adem√°s sacas un post√≠tulo en lo que te interesa como carrera, te abre la puerta formalmente y cuando est√©s ganando $$ puedes seguir el mag√≠ster con los ramos del diplomado ya avanzados.",1j608rv
30,"El magister pesa harto ya que tiene un nivel m√°s desafiante. Tengo conocidos que hicieron el MDS de la Chile y aprendieron harto y llegaron a buenas pegas, aunque hay que tener en cuenta que eran 2 a√±os full time. Yo por mi lado hice un Diplomado en la PUC de Big Data y Machine Learning. No lo recomiendo para aprender, solo para se√±alizar, ya que es muy introductorio. Aunque me sirvi√≥ para llegar a pegas de Data Engineer. Ahora bien, si quieres aprender herramientas puntuales (Tableau, Power BI, Excel), mejor DataCamp. Y te tiene que gustar la weaita. Para cargos como BI o Data Analyst siempre suelen preferir Ingenieros Industriales/Comerciales, porque tienen m√°s conocimiento del ‚Äúnegocio‚Äù, pero otros m√°s t√©cnicos estas bien.",1j608rv
31,H√°galo en la Chile par que seamos compa√±eros,1j608rv
32,"Certificaciones y que sepas crear y utilizar las herramientas creando proyectos, soluciones concretas. Un magister es el camino largo y no es tan verdadero que las empresas te pelean.",1j608rv
33,"Los magister acad√©micos (MSc) est√°n orientados a la investigaci√≥n igual que los PhD, no te capacitan o especializan  para el mundo laboral",1j608rv
34,Y que magister tienes tu? donde lo hiciste?,1j608rv
35,"Hay certificaciones de Data Science en Databricks, Azure, GCP y muchas m√°s.",1j608rv
36,"Por lo menos el m√≠o, en ciencia de datos es m√°s t√©cnico que acad√©mico (todo lo visto ac√°, lo he aplicado con excepci√≥n del ML Bayesiano jajajaja), siento que el de inteligencia artificial se lleva ese rol (acad√©mico), nunca he visto un jefe/gerente sin magister, por lo menos en los Magister relacionados a la Ciencia de datos... Miento ajajaja solo he visto uno",1j608rv
37,"En la UC en Ciencia de Datos, ni siquiera lo he terminado y me llegan un mont√≥n de mensajes en LinkedIn, siendo que antes nadie me pescaba jajajajajaja",1j608rv
38,Que carrera estudiaste?. Que edad tienes?,1j608rv
39,"29, Ing Comercial",1j608rv
40,"Si el futuro es muy prometedor. Pero el problema es que mucha gente cree que eso es programar.

Los mejores sueldos en esa area estan atados a altos niveles de educacion en matematicas, estadisticas, ciencias actuarias y demas. Estoy hablando de PHD incluso. 

Lo que va a pasar en el futuro es que mucha gente cree que es levantar un modelo, hacer 4 tonterias copiadas de chatgpt y manejar lagos de datos. Y entonces los sueldos se van a ir al piso, los crios se van a frustar, van a hablar mierda de los trabajo y que no consiguen nada y resulta que va a haber mucha demanda pero para personas con altos grados de especializacion.

Yo te recomendaria que hagas cosas relacionadas con ingenieria de datos, BI y negocio enfocado en tu area actual y NO abandones el trabajo. Trata primero de ver futuro y oportunidad de crecimiento dentro de tu empresa actual y si no hay nada de eso empieza a buscar basado en lo que ya hayas avanzado en los temas que te comente. Si te sientes estancado busca aprender del negocio, especializarte en administracion o proyectos. Eso es lo que abre las puertas.",1k767iz
41,El movimiento siempre ser√° mejor que quedarse estancado,1k767iz
42,"La demanda por expertos en ciencia de datos contin√∫a creciendo en m√∫ltiples sectores, lo que significa m√°s opciones laborales, trabajar en este √°mbito nos brinda la posibilidad de ayudar a resolver problemas sociales, econ√≥micos y ambientales.",1k767iz
43,"El mercado est√° saturado sinceramente, especialmente juniors.

Si te soy sincero un m√°ster no va a ser diferenciador para que te contraten pero si posiblemente para conseguir entrevistas.

Bajo mi punto de vista lo que hace que te contraten ser√° el valor que seas capaz de aportar e ir un paso m√°s all√° que en este caso ser√° no quedarte solo en SQL y Python, lee libros relacionados, blogs, entiende conceptos, crea un portfolio interesante, etc.

Resumiendo est√° especialmente dif√≠cil, sigue habiendo demanda pero bastante menos que oferta.

EDIT: comento c√≥mo percibo que est√° el mercado actualmente porque no creo que cambie mucho a futuro cercano, el futuro m√°s lejano es imposible de saber",1k767iz
44,"Hay demasiados juniors Si.
Est√°n estos juniors preparados para lo que pide el mercado laboral No.
Hay oportunidad si tienes las herramientas adecuadas obviamente si",1k767iz
45,"Mu√©vete por algo que te apasione y no por como ser√° o supones como ser√° el mercado laboral. Eso es un consejo que me dieron hace tiempo y la verdad que al implementarlo siempre me dio resultado. Otro punto bueno de moverte entre trabajos o ir a hacer estudios como masters o especializaciones es que haces contactos. Los contactos son muy importantes, s√°cate el chip de trabajar para alguien sino tambi√©n busca proyectos en forma independiente y esos vienen la mayor√≠a de las veces por contactos.",1k767iz
46,"Te voy decir la cruda realidad, trabajo en tecnologia, programdor de carrera y tambien experiencia en infraestructura, trabajo en una empresa relativamente grande +10 de a√±os, gano el doble que tu y tambien me siento estancado,  y lo mejor es que alguien con menos experiencia que yo y MENOS PREPARACION ACADEMICA usando chatgpt, escalo mas que yo en todo este tiempo y ahora es mi jefe. Moraleja: trata de hacer un plan para independizarte y hacer tu propio futuro e invierte tu dinero en algo que te retorne beneficios, estudiar ya no te garantiza nada.",1k767iz
47,"+1000 cuanto? Ni en pedo estudio a√±os para ganar eso, yo termine el secundario de pedo y gano lo mismo ""pasando la escoba"" 8 horas.. entre comillas porque solo tengo la escoba en la mano y ni limpio!",1k767iz
48,Como escritor de prompts,1k767iz
49,"Desde hace 5 a√±os se empez√≥ a dictar la carrera, o sea que este a√±o tendr√≠amos la primera tanda de recibidos. Si la carrera o el campo profesional en si no tuviera futuro las universidades no ofrecer√≠an tal titulaci√≥n.",1k767iz
50,Es mejor moverte a algo m√°s de lo que ya haces que empezar de 0 en algo m√°s,1k767iz
51,Lo que viene es un boom brutal hay cientos de ofertas laborales ahora. Y los que faltan. Son los h√©roes de los modelos de negocio.,1k767iz
52,Bro una pregunta,1k767iz
53,"Saturado y muerto. Hace 10 a√±os hubieras ganado muy bien, hoy no. Tampoco te recomiendo aprender a programar en este momento solo que lo hayas probado y en vdd te haya gustado ya que a muchos les vendieron la mentira de que con saber programar mejorar√°s tu ingreso hasta en un 500%",1k767iz
54,"Disculpa la pregunta.
¬øConsideras que para las personas que no buscan enfocarse en √°reas de la programaci√≥n que requieren muchas matem√°ticas no hay una buena expectativa salarial?

Actualmente estoy por terminar mi carrera de Ingenier√≠a en Computaci√≥n. Eleg√≠ esta carrera m√°s por la facilidad de encontrar un trabajo en el area que por una habilidad particular en matem√°ticas. Ahora estoy considerando si vale la pena seguir esforz√°ndome en esta √°rea o si ser√≠a mejor dedicarme a otro negocio que tengo, en el cual veo una buena oportunidad de crecimiento.

O quiz√° aplicarme mas con cursos de matem√°ticas y encontrar el gusto, no lo se. 

Gracias por leer. üòÑ",1k767iz
55,Gran frase amigo,1k767iz
56,Y los alemantes se movieron. Votaron a hitler,1k767iz
57,Creo lo mismo y siento que puedo aportar desde √°mbito empresarial mucho de mi experiencia anterior.,1k767iz
58,Entonces parece que hice bien en empezar la carrera. Es un terciario... pero las materias son correlativas con las materias de la universidad por lo que se puede expandir,1k767iz
59,¬øAmbientales? ¬øDe qu√© se trata ese punto?,1k767iz
60,Puro blablismo,1k767iz
61,[deleted],1k767iz
62,vos sos data scientist¬°?,1k767iz
63,Y no has pensado en cambiar de trabajo?. Como lo hizo el tipo que ahora es tu jefe?,1k767iz
64,"Ser jefe no es para cualquiera, por m√°s que no te parezca justo, hay gente que no naci√≥ para liderar",1k767iz
65,"Perdoname pero tengo que discernir much√≠simo.

Las universidades estos √∫ltimos a√±os lanzaron carreras muy falopas al mercado con tal de venderlas para tener mayores ingresos y luego ves los egresados no consiguen trabajo o se dedican a otras cosas que no tienen relaci√≥n con lo que estudiaron.

Ejemplos: licenciatura en negocios digitales, administraci√≥n y sistemas, marketing, etc.",1k767iz
66,"No me lo hab√≠a plateado, pero puede ser una muy buena opci√≥n",1k767iz
67,Cu√©ntanos mas,1k767iz
68,"Cual crees que ahora sea la nueva tendencia? Parece que todo son burbujas que se inician y luego explotan, el que tomo la ola bien y el que no, no aprovech√≥ la oportunidad.",1k767iz
69,"Toda la programaci√≥n es matem√°ticas (l√≥gica).No confundir con saber usar un lenguaje (q es lo que casi todos hacen). Sobre mi experiencia te digo q el sueldo crece cuando m√°s especializado est√°s. Mientras m√°s espec√≠fico da tu conocimiento mejor tu sueldo. El otro factor es que t√∫ conocimiento no solo este actualizado sino q seas capaz de generar nuevo conocimiento y para eso debes ser un tremendo apasionado de lo que haces, a lo que te dedicas se convierte pr√°cticamente en la raz√≥n de respirar, pr√°cticamente respiras por tu carrera. Ese nivel de pasi√≥n empieza desde antes de la universidad y es algo que no se aprende a ser as√≠, porque ya eres as√≠.

los factores para los bajos salarios pueden resumirse en que hay demasiados ""programadores""  y muchas empresas que no le dan la seriedad respectiva a sus proyectos y terminan haciendo unos desastres en contrataci√≥n.

La mayor√≠a de los frustrados que veo en el ambiente es porque tienen expectativas falsas y eso no va a cambiar porque hay un gent√≠o haciendo dinero vendiendo ese humo.

Si te gusta m√°s tu otro negocio y sientes que vas a estar m√°s c√≥modo haciendo otra cosa: hazlo.

Si quieres programar, q eso sea una herramienta para hacer m√°s f√°cil tu otro trabajo o negocio.",1k767iz
70,Siempre esta el loco que relaciona todo con la segunda guerra mundial o la pol√≠tica.,1k767iz
71,¬øRob√≥tica? Me interesa eso. Quiz√° en 500 vidas lo consiga estudiar.,1k767iz
72,"Estamos ante la antesala de una nueva revolucion industrial, no te quedes quieto, si te interesan los datos metele",1k767iz
73,Creo que quiz√°s pueda ser buen complemento para mi y lo que ya ido aprendiendo de industrias,1k767iz
74,"Yo te dir√≠a que no dejes de aprender y sigas invirtiendo en ti. Actualmente todo est√° saturado de jrs los cuales el 99% se quedan lo que vieron en un curso, un bootcamp y dem√°s y solo se contratan a los que en vdd les gust√≥ y siguieron aprendiendo y mejorando. Algo tiene que pasar y va a cambiar todo, seguramente se volver√° popular el vibe coding aunque yo siento que es como el NFT que naci√≥ muerto, no tiene mucho futuro",1k767iz
75,"Si, hay harta pega y buenos sueldos. La ciencia de datos es aplicable a todas las industrias. El tema es que no es f√°cil entrar, ya que piden hartos conocimientos, tecnolog√≠as y en algunos casos postgrados.

Un buen camino es entrar como analista de datos e ir haciendo carrera hasta llegar a un cargo de cient√≠fico de datos.",1hgrfrv
76,"Yo termin√© mi magister de ciencia de datos hace unos meses, y te puedo decir que no hay tanta pega, al menos en regiones. He estado buscando y hasta ahora nada. Por suerte tengo un trabajo ya, pero quiero cambiarme pronto, por sueldo mas que nada",1hgrfrv
77,"Hola OP, yo trabajo haciendo investigaciones del mercado laboral

Hice la de Cient√≠fico de datos hace poco:  
[https://candidato.ejecutivolatino.com/cargo/cl/Cient%C3%ADfico%20de%20Datos/](https://candidato.ejecutivolatino.com/cargo/cl/Cient%C3%ADfico%20de%20Datos/)

Es una carrera interesante y bien pagada. Sin embargo, tiene barreras de entrada grandes. La parte matem√°tica es m√°s compleja de lo que la gente dimensiona y es com√∫n que personas con aspiraciones a esta especializaci√≥n no tengan la capacidad de ejercerla. Es cada vez m√°s com√∫n que pidan un m√°ster o doctorado en ciencias duras. Seg√∫n mi investigaci√≥n, un 27% aproximadamente de las ofertas ped√≠a este requerimiento. Las √∫nicas excepciones que conozco de gente que se dedica a ciencia de datos sin postgrado son personas de Ingenier√≠a Civil Matem√°tica o Ingenier√≠a Civil en Ciencias de la Computaci√≥n.

En general, lo que estoy viendo es que las personas comienzan con una especializaci√≥n en BI o An√°lisis de Datos:  
[https://candidato.ejecutivolatino.com/cargo/cl/Analista%20de%20Datos%20y%20Business%20Intelligence/](https://candidato.ejecutivolatino.com/cargo/cl/Analista%20de%20Datos%20y%20Business%20Intelligence/)

La barrera es mucho m√°s baja y permite comenzar a entender el mundo de los datos, antes de lanzarte a algo tan complejo. Quiz√°s en el camino descubres que quieres otra sub especializaci√≥n como Data Engineer o especializaciones por Industria/√Årea.

En general datos es una buena √°rea para crecer. Los profesionales tienen un buen poder de negociaci√≥n. Hay que entender que su carrera progresa en la medida que est√°n en ambientes con mayor disponibilidad de datos. Por lo que es medio natural que terminen en empresas m√°s grandes.

Espero haberte ayudado y cualquier duda aqu√≠ quedo.",1hgrfrv
78,"Hasta donde he revisado y consultado la ciencia de datos es m√°s una extensi√≥n o un set de habilidades, como modelado de riesgo, usar ML para agrupar ponte t√∫ clientes, proyectar KPI.

Seg√∫n mi noci√≥n personal y puede estar sesgada por lo que estudio, DC resuelve problemas estad√≠sticos y no taaaanto como de programaci√≥n como si lo hace el DE o el MLE (√©ste √∫ltimo es como un mix de ambos, arma el pipeline, los modelos y toda la wea XD).

Dicho esto dir√≠a que hay y existe pega en ciencia de datos pero asociada a habilidades de negocios. Por eso muchos estudiantes de los programas de magister de ciencia de datos son industriales y comerciales",1hgrfrv
79,Soy ingeniero de datos y todav√≠a no encuentro un cient√≠fico que le achunte a lo que dice.,1hgrfrv
80,"Bancos, compa√±√≠as de seguro, compa√±√≠as telco... cualquier empresa como miles de clientes va a tener bases de datos gigantes y necesita ciencia de datos.",1hgrfrv
81,"Yo justo ahora estoy postulando a esa √°rea. Hay harta oferta, pero tambi√©n much√≠sima demanda. Todas las empresas grandes tienen √°rea de ciencia de datos, y hay hartas empresas nuevas que solo trabajan esa √°rea. Por lo que estoy viendo en las postulaciones hay dos perfiles que se buscan harto. Los de BI, eso es m√°s conocimiento de herramientas Power BI, SQL, tableau, excel, un poco de python.  Y los otros son m√°s los de modelamiento e investigaci√≥n, esos son harta materia, conocimientos en matem√°ticas y programaci√≥n, ellos trabajan mucho con pyhton, servicios cloud, SQL y no SQL. Cuidado eso si, porque el primer tipo de perfil tambi√©n lo est√°n cubriendo los industriales. 

Yo si le veo harto futuro al √°rea, pero gracias a la competencia, igual creo que hay que tomar un rol proactivo. Tipo tener proyectos personales, ser muy selectivo con tus pr√°cticas, conseguir alguna que otra peguita antes de titularse, ese tipo de cosas.",1hgrfrv
82,Si hay alguna menci√≥n en Machine Learning o Inteligencia Artificial vaya por ah√≠,1hgrfrv
83,"Es buena pega actualmente, en el sentido que los sueldos son altos para este tipo de cargos. Sin embargo, igual la competencia es alta. Hay harta gente con experiencia y magister compitiendo. Yo siempre he trabajado en an√°lisis de datos en distintas √°reas, hice un magister para ir m√°s hacia ese lado y a√∫n no encuentro posici√≥n como DS. Te recomendar√≠a ir m√°s por el lado de Ing. de Datos.",1hgrfrv
84,"Hay mucha pega de ciencia de datos pero esta saturado de junior gracias a esos estafadores de los bootcamps que prometen el cielo y la tierra en 4 meses, la mayor√≠a no maneja ni la teor√≠a b√°sica para entender los datos. M√°s adelante la diferencia entre el que realmente sabe y el que no ser√° mucho mayor. Por eso los mejores sueldos son de gente con posgrado en el √°rea o personas que vienen de ingenier√≠as civiles por ejemplo",1hgrfrv
85,Te recomiendo meterte en ingenieria de datos.,1hgrfrv
86,"Creo que el mercado actual no est√° para ""estar eligiendo"" . Cuando usted salga de estudiar lo m√°s probable es que  se tenga que confirmar en d√≥nde encuentre. Ojal√° sea en ciencia de datos, pero es un azar.",1hgrfrv
87,"Oye buena, es justo lo que quiero hacer, partir por Analista de datos (que se me da facil) y en algun punto llegar a ciencia de datos (al seguir especializandome), pero como dice otro comentario, para la ciencia de datos es brigido los requisitos que solicitan en las ofertas de trabajo.",1hgrfrv
88,En regiones gralmente es dif√≠cil la vd,1hgrfrv
89,"Regiones no hay nada. Incluso remoto est√° duro, todo es h√≠brido o presencial.",1hgrfrv
90,"Gracias! La verdad que de todas las menciones que hay, es el √°rea que m√°s me interesa... No s√© si cuenta como plus, pero estudi√© ingenier√≠a f√≠sica y vi mucha matem√°tica compleja...¬†",1hgrfrv
91,"Yo llevo un pu√±ado de a√±os en la industria como MLE y me he dado cuenta la distinci√≥n entre Data Science y Machine Learning Engineer es bastante difusa, y por lo general queda a criterio de cada empresa definir su role description. 

Por ejemplo, en Uber no existe el cargo de MLE, es solo Data Scientist. En Rappi, existe Data Science y MLE, pero en la practica hacen casi la misma pega. En NotCo no existe el rol de Data Science, solo MLE. 

Yo cre√≠a que Data Scientist terminaba su pega en el Jupyter Notebook, y el MLE se encargaba de ponerlo en producci√≥n. Pero me he dado cuenta que depende completamente de la empresa a la que se postule cual es la expectativa del rol.",1hgrfrv
92,"De hecho hace unos pocos meses anunciaron la nueva menci√≥n (la quinta), que es menci√≥n en inteligencia artificial...¬†",1hgrfrv
93,Por?,1hgrfrv
94,"Cuando sal√≠ me contaron el mismo cuento, yo quer√≠a trabajar en data, me esforc√© y quiz√°s tuve suerte no se, pero me demor√© quiz√°s dos meses?",1hgrfrv
95,"OP si estudiaste ingenier√≠a en f√≠sica, no pierdas tiempo ni dinero en Inform√°tica en el duoc, con ese titulo mejor te conviene realizar un master en ciencias de datos y quedas listo üññüèª",1hgrfrv
96,"Yo creo que es un plus. Pero depende mucho de la universidad OP. Lamentablemente el juego de la escalera corporativa no es meritocr√°tico. Es m√°s bien un juego de credenciales y pol√≠tica.

Como punto de referencia, piensa que un modelo ARIMA para un Cient√≠fico de datos tiene que ser f√°cil de entender.",1hgrfrv
97,"Se deber√≠an estandarizar los t√©rminos XD, tambi√©n se confunde al DA con el analista BI, muy similares pero con sus diferencias, al final toca aprender un poco de todo lo que da lugar a que sean tan difusas las fronteras de las profesiones",1hgrfrv
98,Ahora se habla de MLops,1hgrfrv
99,Este comentario es oro,1hgrfrv
100,">Yo cre√≠a que Data Scientist terminaba su pega en el Jupyter Notebook, y el MLE se encargaba de ponerlo en producci√≥n.

Yo tenia entendido esto mismo al menos.",1hgrfrv
101,Ese es el camino,1hgrfrv
102,Es m√°s del campo de la inform√°tica y a futuro te puede perfilar a ciencia de datos como inform√°tico con alg√∫n trasfondo estadistico,1hgrfrv
103,Vengo del futuro donde llegaremos al Full Stack Data que ser√° Analista de Datos / BI / Data Science / Data Engineer / MLops al mismo tiempo.,1hgrfrv
104,Te fatla governance,1hgrfrv
105,"Debiste haber terminando tu licenciatura, pero ya debes tener esa parte matem√°tica de base supongo. 

Enf√≥cate en estudiar alg√∫n lenguaje de programaci√≥n ya sea Python o R , que son los que m√°s se usan en el √°rea 

Luego a la par trata de adentrarte en SQL, Excel , Posee bi o tableu

Vas a tener que aprender de algoritmos y t√©cnicas de machine learning una vez que domines lo b√°sico del lenguaje de programaci√≥n que elegiste ( te sugiero enfocarte en Python para esto ) 

Cuando entres a machine learning tendr√°s que aprender de librer√≠as y frameworks de Python (scikit, panda,numpy e irte por pytorch o tensorflow (te recomiendo este √∫ltimo))",15a5mny
106,"si amigo, valen la pena. No se su nivel pero en udemy esta sobrado de cari√±o y luego lo complementa con coursera, kaggle u otros problemas bonachones.",15a5mny
107,"Podr√≠as partir [por aqu√≠](https://rafalab.dfci.harvard.edu/dsbook/). No se en qu√© a√±o te saliste de la licenciatura en matem√°ticas (spoiler, no deber√≠as haberlo hecho) pero deber√≠as tener una base m√≠nima para poder estudiar ciencia de datos.",15a5mny
108,"Te recomiendo que si te gusta la programaci√≥n, te enfoques en la Ingenier√≠a de Datos, tiene menos competencia y mayor proyecci√≥n a futuro, los Data Scientist, son solo analistas de BI glorificados. Pero si te gusta hacer tableros de consultas para empresas, est√° bien con tu base matem√°tica, adem√°s de que te enfoques en estad√≠stica y python y crear un portafolio.",15a5mny
109,"Te recomiendo hacer los cursos de kaggle y de freecodecamp. Dan una buena base y son gratis. Ten cuidado que ahora hay un ""hype"" con la ciencia de datos y programaci√≥n, y hay hartos cursos truchos",15a5mny
110,"Te recomiendo que busques un curso o boot camp bien completo y lo termines hasta el final. Que hagas bien los proyectos que les presentan. En mi experiencia, desde chico tom√© VARIOS cursos, de Python, SQL, Tableau, estad√≠stica, y por pura falta de constancia no los terminaba nunca, los dejaba botados. Obviamente no llegaba a aprender todo lo necesario para ejercer, as√≠ que tomaba otro curso, y pasaba que empezaba a ver lo m√°s b√°sico de nuevo, cosas que ya manejaba, entonces no pod√≠a conectar bien con las din√°micas de los cursos y los dejaba botados. Termin√© alcanzando un nivel intermedio en todo, pero nunca me sent√≠ un wn realmente capaz de trabajar como data scientist por ejemplo. Eventualmente encontr√© una pega donde tuve que aprender a la mala, y gracias a la gente que estaba ah√≠ mejor√© mucho y ahora trabajo en datos, pero tuve que dar una vuelta muy larga.",15a5mny
111,"No valen la pena, tienes todo el contenido y m√°s en plataformas como Coursera o Udemy, te recomiendo que est√©s atento a las convocatorias de Talento digital, es gratis  y en cuanto a contenido ofrecen lo mismo y te ayudan a buscar trabajo por 3 meses con un acompa√±amiento cercano donde te dan tips de c√≥mo mejorar tu LinkedIn, prepararte para entrevistas y te recomiendan empresas que son parte del programa.
Ya que no tienes t√≠tulo y no parece ser que quieras tener uno, te recomiendo que te certifiques en SQl y en Python o R, una herramienta de visualizaci√≥n como power BI o tableau  tambi√©n es bueno que la manejes, y un plus muy importante es que te adentres en la Nube y te puedes hasta certificar, se que Google tiene un programa para certificarte en su nube que es Googlecloud, AWS tb es bastante demandado.",15a5mny
112,*Era power bi*,15a5mny
113,"Pero ponte t√∫ igual me pedir√°n un t√≠tulo al intentar ingresar a un trabajo, mi duda va m√°s enfocada a si deber√≠a hacer ese curso como para ""tener algo"" a la hora de presentarme en una empresa",15a5mny
114,"En matem√°ticas tengo buen nivel, o al menos bastante mejor que la media , se algo de Python (lo b√°sico) pues hice un curso de introducci√≥n a la programaci√≥n en mi Universidad, ah√≠ revisar√© los sitios que me propone... Gracias üòä",15a5mny
115,"Me sal√≠ al 3er a√±o(son 4), pero en realidad es porque ya perd√≠ inter√©s por la carrera, y le agarre cierto odio a las matem√°ticas (avanzadas), siento que no quiero ser matem√°tico, me provoca mucho rechazo y ansiedad los cursos que me quedan, que son los m√°s peludos de la carrera (pues los dej√© todo para el final y rellene con ofgs y con los avances m√≠nimos de la licenciatura) ahora me queda un a√±o y medio que a priori podr√≠an ser m√°s a√±os y no me siento con las ganas ni tampoco tengo los recursos para cubrir m√°s a√±os en caso de necesitar, me sal√≠ de la carrera y ahora dar√© la PAES y me meter√© a pedagogia en matem√°ticas que me convalidaran gran parte de los ramos, y me saldr√° a priori gratis porque ocupar√© la beca vocaci√≥n de profesor, entonces en caso de que no me salga algo de lo que planeo , me meter√© en este mundo (y bueno si sale bien tambi√©n siendo profe me meter√© m√°s adelante) , por eso las preguntas, la licenciatura en verdad no me sirve para mucho, sin tener que seguir estudiando m√°s matem√°ticas a futuro (cosa que en verdad NO QUIERO), as√≠ que eso, gracias por el consejo.",15a5mny
116,"Gracias, los tomar√© en consideraci√≥n ‚ù§Ô∏è",15a5mny
117,Cu√°les truchos??,15a5mny
118,"Gracias por tu consejo, y si... mi idea es sacar una carrera, pero probablemente sea pedagogia en matem√°ticas (para aprovechar mis 3 a√±os de licenciatura, pues me convalidan casi todo), lo de data scienst es aparte... Me quiero certificar y aprender por mi cuenta aquello y con lo que me dijiste deber√≠a bastar, as√≠ que muchas gracias por la lata de escribir todo",15a5mny
119,"No te metas a coderhouse ni a desaf√≠o, son re caros y por lo que valen te puedes armar la tanda de cursos en udemy donde tendr√°s m√°s variedad para forjar tu ruta.",15a5mny
120,En un trabajo en ciencia de datos puedes sufrir a√∫n m√°s ansiedad . Si no quieres dolor quiz√°s algo en business intelligence ser√≠a mejor,15a5mny
121,"Ahhh genial amigo, muchas gracias por tu consejo, oye y ponte t√∫ coderhouse vale ahora mismo muy barato por una oferta, est√° a un 70% de descuento, en ese caso por probar estar√≠a bien?",15a5mny
122,"Si me pagan bien por ello no me importaria sufrir, pero las matem√°ticas son super mal pagadas",15a5mny
123,"No, compa

Vuelvo a sugerir que si te quieres adentrar pruebes con 1-2 cursos de udemy para que veas si de verdad te gusta (ahora est√°n en oferta por hoy creo) 

No te saldr√°n m√°s de 15 por curso a veces menos.",15a5mny
124,Lo otro es que si vas a comprar cursos en udemy f√≠jate que est√©n actualizados a este a√±o ojal√° y te sugiero que vayas por cursos que tengan m√°s de 4.5 estrellas y una cantidad decentes de inscritos (revisa los comentarios para hacerte una idea),15a5mny
125,"Te paso algunos links y te fij√°s que tan dif√≠cil te parece, suerte! üçÄ

[https://roadmap.sh/ai-data-scientist](https://roadmap.sh/ai-data-scientist)

[https://github.com/FernandaCader/recursos-datos](https://github.com/FernandaCader/recursos-datos)

[https://jakevdp.github.io/PythonDataScienceHandbook/](https://jakevdp.github.io/PythonDataScienceHandbook/)

[https://www.freecodecamp.org/learn/data-analysis-with-python/](https://www.freecodecamp.org/learn/data-analysis-with-python/)

[https://www.freecodecamp.org/learn/machine-learning-with-python/](https://www.freecodecamp.org/learn/machine-learning-with-python/)

[https://www.freecodecamp.org/learn/scientific-computing-with-python/](https://www.freecodecamp.org/learn/scientific-computing-with-python/)

Edit: Agrego curso de mates: [Essential Mathematics for Artificial Intelligence](https://learning.edx.org/course/course-v1:Microsoft+DAT256x+1T2018a/home)",1bhxteu
126,Huevos no. Si no tienes cabeza para mates mejor que le eches horas,1bhxteu
127,Depende que tan rico se mueva el python,1bhxteu
128,"Lo mejor es empezar con visualizaci√≥n de datos; los cambios visuales te dan un feedback instant√°neo para corroborar que dominas las funciones de las librer√≠as y conceptos de Python como seleccionar columnas para visualizar una relaci√≥n de dos variables, por ejemplo.

Te dejo un tutorial: Visualizaci√≥n de Datos | B√°sicos de Matplotlib & Seaborn
https://youtu.be/d79V5MKlV2U

Si te interesa la manera de ense√±ar, cada semana hago clases en directo y abierto a trav√©s del canal de YouTube.

Si quieres interactuar por voz, tambi√©n tengo el Zoom abierto para quien quiera.

PS: He ense√±ado a m√°s de 800 alumnos 1:1 que se han metido en maestr√≠as relacionadas con big data, data science e inteligencia artificial.",1bhxteu
129,"Que tan dif√≠cil es una profesi√≥n como Data Scientist o cualquier otro oficio es subjetivo ya que depende mucho de tus habilidades actuales y aptitudes (que tan f√°cil te es aprender algo en espec√≠fico). Por ejemplo, hay personas tienen buenas aptitudes para el dise√±o u otras para la programaci√≥n, por lo que se les puede hacer m√°s sencillo aprender aquello en lo que son aptos que aquello en lo que no.

Dicho eso, tienes que tener en cuenta que el campo de Data Science, ya sea en Data Analytics, Big Data, Machine Learning, Computer Vision, o cualquier otra especialidad, requiere saber de matem√°ticas avanzadas, por lo que te ser√° m√°s f√°cil convertirte en un Data Scientist si tienes aptitudes para las matem√°ticas y mejor a√∫n si te gustan.

Y esto es porque en Data Science las matem√°ticas se utilizan para todo, pues estar√°s trabajando √∫nicamente con n√∫meros y dependiendo del proyecto vas a necesitar interpretar que es lo que significan los resultados de las operaciones que hayas realizado (que ser√°n n√∫meros tambi√©n). Incluso, para poder interpretar que es lo que significan esos n√∫meros tendr√°s que aprender sobre alg√∫n dominio en espec√≠fico, como finanzas o biolog√≠a, dependiendo de en que sector quieras trabajar como Data Scientist. Por ejemplo, imaginemos que despu√©s de realizar m√∫ltiples operaciones obtengo como resultado un -5, en Image Processing tal vez esto pueda significar que una im√°gen se hizo m√°s peque√±a 5 veces, o alg√∫n otro parametro como Brightness, Saturation, Resolution, pero sea lo que sea, adem√°s de matem√°ticas tendr√°s que saber sobre im√°genes para interpretar que significa ese valor; o bien, en finanzas tal vez ese -5 representa una pendiente negativa en las ganancias de una empresa (lo cu√°l ser√≠a malo), o tal vez representa los costos (lo cu√°l ser√≠a bueno), por lo que en este caso tendr√°s que saber algo de finanzas para llegar a una conclusi√≥n.

Por supuesto estos son ejemplos simples, ya podr√°s imaginar que existir√°n casos mucho m√°s complejos que requerir√°n ser experto en alg√∫n √°rea, pero independiente de eso todas tendr√°n como base matem√°ticas avanzadas, en especial Probabilidad y Estad√≠stica. Adem√°s, habr√° algunas especializaciones en Data Science que requerir√°n saber m√°s de cierta √°rea de matem√°ticas que otras, por ejemplo Computer Vision que se enfoca en el an√°lisis de im√°genes te exigir√° conocer m√°s sobre Algebra Lineal (no confundir con Algebra I o II) donde aprendes a manipular matrices (las im√°genes son matrices): o bien, si est√°s en Signal Processing en donde podr√≠as trabajar con ondas de audio, seguramente tendr√°s que conocer m√°s sobre Ecuaciones Diferenciales (no confundir con Calculo Diferencial que est√° como 3 materias antes) en donde se trabaja con Fourier.

Creo que hasta este punto tendr√°s una mejor idea de que tan dif√≠cil o f√°cil podr√≠a ser convertirte en Data Scientist seg√∫n sea tu caso, pero dejando de lado eso y enfocandonos en que tan bien remunerado es, de nuevo es un depende. 

Depende de que? Bueno, en primera tu habilidad y experiencia, y segunda la empresa para la que trabajes. Hay empresas en algunos pa√≠ses que pagan 50k-100k dlls al a√±o a Data Scientists o hay empresas en otros pa√≠ses que pagan 15k dlls o menos al a√±o. Incluso hay Data Scientists que ganan dinero dependiendo de que tantos recursos puedan ahorrarle a alguna empresa a partir de sus an√°lisis, descubriste como la empresa podr√≠a ahorrarse $100k dlls? Bien, podr√≠as cobrar un 20% ($20k dlls), no pudiste ahorrarles nada? Pues no ganas nada.

En tu caso si sabes de marketing, sabes de programaci√≥n y aprendes sobre an√°lisis de datos, tal vez una muy buena opci√≥n ser√≠a aprender SEO, donde analizar√≠as datos (matem√°ticas) para mejorar el ranking de las p√°ginas web (programaci√≥n) de empresas en navegadores web de tal manera que obtengan una mayor presencia online (marketing). Pero de nuevo, depende de tus preferencias y aptitudes.",1bhxteu
130,"La neta para la ciencia de datos ocupas mucha experiencia

Empieza como data analist para agarrar la experiencia y entender el medio, y poco a poco has la transici√≥n a data scientist; esto en Caso de no tener titulo

En caso de tener titulo empieza desde abajo para hacer experiencia y has la transici√≥n",1bhxteu
131,"Me quedo a leer, empece un curso de analista de datos con la misma perspectiva que vos, una nueva herramienta para los tiempos que correr√°n en el futuro inmediato (soy boga).",1bhxteu
132,"EXPERIMENTA¬†Lo Que Es Ser¬†DATA SCIENTIST¬†Durante Una Semana gratis,   \[y descubre si realmente es para ti antes de decidirte a invertir tiempo y dinero en una formaci√≥n\]

Te registras y todos los dias durante una semana se abre un ejercicio con un video explicativo, es EXCELENTE !!!

Lo mejor que he visto hasta ahora, (para entender y comenzar en este nuevo mundo, aclaro. )

[https://datascience4business.com/01\_pdsm-tps-optin/](https://datascience4business.com/01_pdsm-tps-optin/)

Despues me das las gracias.

.-",1bhxteu
133,"La mayor√≠a que vi son todos ingenieros o Licenciados no toman gente de la nada actualmente tiene bastante requisitos por lo que vi, antes sab√≠a que tomaban a lo que hab√≠a pero ahora piden que tengas un t√≠tulo.",1bhxteu
134,No es imposible pero si uno se enfoca demasiado en lo practico y poco en las bases te√≥ricas no se avanza.,1bhxteu
135,"2.300.000 brutos ( trabajo en una multinacional pero ojo que no estan pagando eso a todos - soy economista, programador,  tengo un MBA y una Maestria en Estadistica ) . Hay una competencia fer√≥z por que muchos profesionales ( actuarios, matematicos, fisicos, ingenieros, etc) reorientaron sus carreras ( de hecho las maestrias en data sciencie estan abarrotadas de estudiantes) 
Afuera con buen ingl√©s podes ganar 4.500 usd. pero es condici√≥n sine quan nom maestria o doctorado. 
Tengo amigos que son docentes. Estudiaron menos a√±os que yo y se llevan 1.5 neto... con 10 a√±itos de profesi√≥n... 2 meses de vaca y 0 stress.... yo soy docente tambi√©n y el costo beneficio a no ser que seas crack y la pegues en una compa√±ia de afuera no vale la pena. Ojo es mi opini√≥n personal. Mucha suerte",1bhxteu
136,Buena base matem√°tica y estadistica,1bhxteu
137,"Man seguro nunca intentaste sentarte todo el dia por meses a estudiar matematica, asi q no digas que te cuesta xq no lo sabes.

Yo decia lo mismo hasta q no me quedo otra que hacerlo y se aprende. Es cuestion de sentar un poco el orto.",1bhxteu
138,"Data Science est√° mucho m√°s saturada que cualquier otra STEM, te recomiendo reconsiderar, adem√°s todos los trabajos bien pagados solo los obtienen PhDs con a√±os de experiencia.

Mejor intenta buscar un trabajo de programaci√≥n y si te gusta y te va bien ya despu√©s puedes volver a consider moverte a DS.",1bhxteu
139,"Es pura matem√°tica y estad√≠stica mas un tool o dos.

Los mejores con los que trabaje eran todos licenciados en ciencias de la computaci√≥n con un doctorado encima.

Supongo que como todo en este rubro debe haber un segmento que necesita menos preparaci√≥n y se pueda hacer mas ad hoc.",1bhxteu
140,Son 5 a√±os de carrera + la experiencia laboral,1bhxteu
141,"Ponete a estudiar un profesorado. Vas a ganar m√°s guita y no te vas a quemar el marulo. Trabajo como lead data scientist y en Argentina a pesar de ser ""la profesi√≥n mas sexi del mile√±io"" no vas a ganar buena guita. La comoetencia hoy por hoy es brutal.",1bhxteu
142,No se la verdad,1bhxteu
143,Mucho,1bhxteu
144,"Depende el laburo, en algunos es m√°s f√°cil que otros. En mi caso fue f√°cil",1bhxteu
145,"Realmente solo depende de una cosa ¬øsabes estad√≠stica?

Si sabes estad√≠stica va a ser un paseo, de lo contrario vas a tener que aprender a programar y adem√°s estad√≠stica por lo que va a ser bastante dif√≠cil.",1bhxteu
146,"Yo soy cient√≠fica de datos...hice un cambio en plena pandemia. Una cosa es decir que lo sos por un cursito con diplo, otra cosa es realmente serlo manejarte con soltura entre conceptos estad√≠sticos y algor√≠tmos para explotar los datos.",1bhxteu
147,√âxitos bro. Aprende estad√≠stica y mucha matem√°tica,1bhxteu
148,"Usualmente al data scientist le piden algun t√≠tulo anterior, incluso t√≠tulo que no tiene que ver con la prograsmaci√≥n. Mientras tengas la parte estad√≠stica, adentro. He visto economistas, ingenieros, astronomos, matematicos, etc que se dedican a eso",1bhxteu
149,gracias!!!!!!!!!!!!!!!!!!!!!!!!!!!!!!!!!!!!!!!!!!,1bhxteu
150,Alguien que haya hecho la tecnicatura en algun ifts que pueda contar su experiencia y si trabaja de data science?,1bhxteu
151,"Te recomiendo una academia, no por experiencia personal porque a√∫n no lo empece al curso ah√≠ pero lo voy a hacer. Pude investigar y en Argentina es la mejor. La academia se llama Soy Henry... es un bootcamp, buscalo, ojala te guste y sirva. Despues contame. Saludos!",1bhxteu
152,"Muy buen aporte, estimado an√≥nimo, gracias por compartir tan √∫til informaci√≥n, le deseo lo mejor, ilustre cabello.",1bhxteu
153,Muchas gracias por compartir esos recursos. ¬øPodr√≠as recomendar algunos para adquirir bases s√≥lidas en Javascript & React? De antemano gracias.,1bhxteu
154,[deleted],1bhxteu
155,Tome su upvote buen rediturr@ üòé,1bhxteu
156,Muy burn aporte,1bhxteu
157,"Hola que tal, estoy viendo que la UTN tiene una carrera ""tecnicatura en ciencia de datos e IA"" de 2 a√±os y medio. C√≥mo la ven, cuanta salida laboral creen que tenga, y los sueldos sobre todo... me interesa me parece moderna, pero no s√© si tiene para despu√©s seguir una licenciatura o ingenier√≠a",1bhxteu
158,"Empiezo desde cero, no tengo idea que significan los links jajaja xD",1bhxteu
159,Si son muchas mates?,1bhxteu
160,"Gratis? y si no, cuanto cobras?",1bhxteu
161,"Que curso, me podr√≠as decir?",1bhxteu
162,Gracias lo har√©!!,1bhxteu
163,"Mi carrera si tiene relacion es lo bueno, no aprendi ni mierda pero el titulo suena mamador

Por mi cuenta aprender√≠a Data Science, y con el titulo pues mas oportunidad",1bhxteu
164,hola sos de argentina? te puedo hacer unas preguntas?,1bhxteu
165,"Claro, me refiero mas bien a no disfrutarlas nunca me he empe√±ado en aprenderlas",1bhxteu
166,"Un trabajo de programacion especificamente en qu√© area? Tengo entendido que hay frontend backend mobile etc etc

¬øQu√© tiene buena salida laboral y sueldo si se pudiera?",1bhxteu
167,"En este caso aprender√© la habilidad a fondo en l√≠nea. Mi carrera si tiene que ver con analisis de datos estadistica mineria de datos etc

Pero profundizar√© en linea",1bhxteu
168,Cuanto te garpan?,1bhxteu
169,"estoy leyendo mucho esto de que hay una competencia feroz e infernal, desde afuera esto me asombra, realmente hay tantos bochos en ciencia y natematica pasandose a datos ? me asombra",1bhxteu
170,No te metas ah√≠. Busca primero las experiencias de Reddit.,1bhxteu
171,No hay de qu√©! ü§ôüèª,1bhxteu
172,"No hay por qu√© ü§ôüèª



Javascript:

[https://es.javascript.info/js](https://es.javascript.info/js)

[https://eloquentjs-es.thedojo.mx/index.html](https://eloquentjs-es.thedojo.mx/index.html)

[https://www.freecodecamp.org/espanol/learn/javascript-algorithms-and-data-structures/](https://www.freecodecamp.org/espanol/learn/javascript-algorithms-and-data-structures/)

[https://developer.mozilla.org/es/docs/Learn/JavaScript/First\_steps](https://developer.mozilla.org/es/docs/Learn/JavaScript/First_steps)

[https://www.freecodecamp.org/espanol/news/40-proyectos-de-javascript-para-principiantes-ideas-faciles-para-empezar-a-codificar-en-js/](https://www.freecodecamp.org/espanol/news/40-proyectos-de-javascript-para-principiantes-ideas-faciles-para-empezar-a-codificar-en-js/)

React:

[Javascript para Aprender React](https://www.youtube.com/watch?v=lVqHiTCIRQg)

[https://react.dev/learn](https://react.dev/learn)

[https://nextjs.org/learn/react-foundations](https://nextjs.org/learn/react-foundations)

[ReactJS de cero a experto - Luis Cabrera](https://www.youtube.com/playlist?list=PLdcAPGja1uw1fmhVo-obnAXEXPqYQ9HLy)

[https://github.com/enaqx/awesome-react](https://github.com/enaqx/awesome-react)

[https://github.com/midudev/preguntas-entrevista-react](https://github.com/midudev/preguntas-entrevista-react)

Tambi√©n en mi historial de comentarios vas a encontrar muchos m√°s links muy √∫tiles.",1bhxteu
173,"Holas üôãüèª‚Äç‚ôÇÔ∏è Si, te paso lo que tengo, quiz√°s te sirva:



[https://roadmap.sh/java](https://roadmap.sh/java)

[https://www.tutorialesprogramacionya.com/javaya/](https://www.tutorialesprogramacionya.com/javaya/)

  
[https://www.sololearn.com/en/learn/courses/java-introduction](https://www.sololearn.com/en/learn/courses/java-introduction)

[https://www.sololearn.com/en/learn/courses/java-intermediate](https://www.sololearn.com/en/learn/courses/java-intermediate)

[https://www.w3schools.com/java/default.asp](https://www.w3schools.com/java/default.asp)

[https://www.geeksforgeeks.org/java/?ref=outind](https://www.geeksforgeeks.org/java/?ref=outind)

[https://exercism.org/tracks/java/concepts](https://exercism.org/tracks/java/concepts)

[Estructuras de Datos y Algoritmos (en Java)](https://www.grycap.upv.es/gmolto/eda.php)

[Bootcamp de Java](https://www.youtube.com/playlist?list=PLR_F5SrmCXsROeAM3vbxc10tdcFA_t8s0)

[Todo sobre todas las versiones de Java](https://www.youtube.com/@MitoCode/search?query=java)",1bhxteu
174,Gracias ü§ôüèª,1bhxteu
175,Gracias üôåüèª,1bhxteu
176,"Hola, ¬øpodr√≠as pasar el link?

Yo de paso dejo √©stas otras que encontr√© por ah√≠, por ah√≠ le sirve a alguien:

[https://www.coursera.org/professional-certificates/analisis-de-datos-de-google](https://www.coursera.org/professional-certificates/analisis-de-datos-de-google)

[https://www.ispc.edu.ar/tecnicatura-datos/](https://www.ispc.edu.ar/tecnicatura-datos/)

[https://carreras.unsl.edu.ar/carreras/lic-analisis-y-gest-datos](https://carreras.unsl.edu.ar/carreras/lic-analisis-y-gest-datos)

[https://agenciadeaprendizaje.bue.edu.ar/curso/tecnicatura-superior-en-ciencias-de-datos-e-inteligencia-artificial/](https://agenciadeaprendizaje.bue.edu.ar/curso/tecnicatura-superior-en-ciencias-de-datos-e-inteligencia-artificial/)

[https://ugr.edu.ar/carreras/tecnicatura-universitaria-en-ciencia-de-datos/](https://ugr.edu.ar/carreras/tecnicatura-universitaria-en-ciencia-de-datos/)",1bhxteu
177,"Est√° perfecto, simplemente entr√° al primero y vas a ver un ""roadmap"" (mapa del camino) de por d√≥nde te conviene ir empezando, que tem√°s estudiar e incluso d√≥nde (podes hacer click en los recuadros y aparecer√°n recursos para explorar al respecto).

A medida que avances en el conocimiento de esos temas vas a estar cada vez m√°s preparado para ser alg√∫n d√≠a un Data Scientist.

Suerte!",1bhxteu
178,"Sip. Poca porgramacion, mucha mate, mucha estad√≠stica",1bhxteu
179,"Las clases en directo son gratis: https://lu.ma/gavaf1eb


Lo estoy haciendo para promocionar el canal de YouTube.

Llevamos 4 clases y todas est√°n grabadas en esta playlist de YouTube: https://youtube.com/playlist?list=PL8HtbO24Pl3h1VVcNFi9ESy4OZYICd94f&si=qH0lJBag96dHSRDq

Cuando hago clases 1:1 cobro entre 50-100 la hora. Aunque lo estoy dejando por hacer m√°s trabajos de consultor√≠a para empresas.",1bhxteu
180,"Holis, si, estoy haciendo ""an√°lisis de datos"" en el centro de formaci√≥n profesional 6 de Parque Chacabuco, s√© que se da en otros cfp de CABA, fijate en la p√°gina ""aprendizaje a lo largo de la vida"".",1bhxteu
181,üëç,1bhxteu
182,"Y m√°ndame m√°quina, √°nimo",1bhxteu
183,Que estudiaste?,1bhxteu
184,Vas a ganar m√°s en la especialidad que te guste m√°s. Cuando algo te interesa te hace investigar m√°s y conocer mejor c√≥mo funciona. Volverte un especialista en un tema te llevar√° a mejores sueldos.,1bhxteu
185,"Te lo agradezco, hermano. Estoy seguro le ser√° de utilidad para mucha gente adem√°s de m√≠.

Un abrazo!",1bhxteu
186,sos un crack amigo!!!!,1bhxteu
187,"Lo q necesitaba, gracias bro ü´Ç",1bhxteu
188,[https://sceu.frba.utn.edu.ar/e-learning/detalle/carrera/2859/tecnicatura-en-ciencia-de-datos-e-ia](https://sceu.frba.utn.edu.ar/e-learning/detalle/carrera/2859/tecnicatura-en-ciencia-de-datos-e-ia),1bhxteu
189,Graciasss,1bhxteu
190,Mrd,1bhxteu
191,"Entre 50 y 100 que? Dolares, euros, yenes, pesos, soles, bolivares, morlacos?",1bhxteu
192,Hola yo me anot√© para empezar este a√±o en ciencia de datos e inteligencia artificial. Te hago una consulta viste que hay como un examen de 2 etapas es dif√≠cil o que tal ? Ahora tengo los cursos en la plataforma. Y bueno respecto a estudiar ah√≠ que tal. Yo me anot√© para el ifts 24. Lo que me preocupa es si despu√©s se puede seguir una carrera de grado con eso...,1bhxteu
193,Ojal√° as√≠ sea üôåüèª  un abrazo!,1bhxteu
194,"Me alegro que te sirvan, suerte üòéü§ôüèª",1bhxteu
195,No hay de qu√© ü§ôüèª Suerte!,1bhxteu
196,Gracias!,1bhxteu
197,No hay de qu√© üôãüèª‚Äç‚ôÇÔ∏è suerte!,1bhxteu
198,"Hace Data Engineering, yo como economista q me gusta las matem√°ticas envidio a los que se dan ma√±a con eso q se paga igual que Data Science y tiene m√°s demanda.",1bhxteu
199,Euros o d√≥lares https://www.codementor.io/@jsulopzs,1bhxteu
200,Ma√±a con qu√©? No se entendi√≥.,1bhxteu
201,"Con lo que se requiere para Data Engineering, que es m√°s conocimiento de sistemas, bases de datos, etc. que en mi caso tendr√≠a que aprender muy de 0.",1bhxteu
202,"Ah claro, conocimiento de programming dec√≠s?",1bhxteu
